Time,Robot_1,Robot_2,Robot_3,Robot_4,Robot_5,Robot_6,Drone_1,Drone_2,Dog_1,Dog_2
4,wave,wave,wave,bow,bow,bow,takeoff,takeoff,forward,
4,wave,bow,wave,wave,bow,wave,move_back_50,move_back,right,
69,dance_seven,dance_six,dance_seven,dance_seven,dance_six,dance_seven,"move_up_50
move_forward_50
curve_100_0_100_0_0_150_60
curve_-100_0_-100_0_0_-150_60
move_back
move_back
move_left
move_back
move_right
move_forward
move_left
move_back
move_right
move_forward_50","move_up_50
move_forward
curve_100_0_100_0_0_150_60
curve_-100_0_-100_0_0_-150_60
move_left
curve_100_0_100_0_0_150_60
curve_-100_0_-100_0_0_-150_60
move_right
curve_100_0_100_0_0_150_60
curve_-100_0_-100_0_0_-150_60","back
forward
left
right",
4.5,wave,back_fast,wave,wave,back_fast,wave,move_forward,move_left,forward,
4,bow,bow,bow,bow,bow,bow,"
land","
land",back,
